Year,Rank,Company,Revenue (in millions),Profit (in millions)
2009,1,Exxon Mobil,"442,851.00","45,220.00"
2009,2,Wal-Mart Stores,"405,607.00","13,400.00"
2009,3,Chevron,"263,159.00","23,931.00"
2009,4,ConocoPhillips,"230,764.00","-16,998.00"
2009,5,General Electric,"183,207.00","17,410.00"
2009,6,General Motors,"148,979.00","-30,860.00"
2009,7,Ford Motor,"146,277.00","-14,672.00"
2009,8,AT&T,"124,028.00","12,867.00"
2009,9,Hewlett-Packard,"118,364.00","8,329.00"
2009,10,Valero Energy,"118,298.00","-1,131.00"
2009,11,Bank of America Corp.,"113,106.00","4,008.00"
2009,12,Citigroup,"112,372.00","-27,684.00"
2009,13,Berkshire Hathaway,"107,786.00","4,994.00"
2009,14,International Business Machines,"103,630.00","12,334.00"
2009,15,McKesson,"101,703.00",990
2009,16,J.P. Morgan Chase & Co.,"101,491.00","5,605.00"
2009,17,Verizon Communications,"97,354.00","6,428.00"
2009,18,Cardinal Health,"91,091.40","1,300.60"
2009,19,CVS Caremark,"87,471.90","3,212.10"
2009,20,Procter & Gamble,"83,503.00","12,075.00"
2009,21,UnitedHealth Group,"81,186.00","2,977.00"
2009,22,Kroger,"76,000.00","1,249.40"
2009,23,Marathon Oil,"73,504.00","3,528.00"
2009,24,Costco Wholesale,"72,483.00","1,282.70"
2009,25,Home Depot,"71,288.00","2,260.00"
2009,26,AmerisourceBergen,"70,593.50",250.6
2009,27,Archer Daniels Midland,"69,816.00","1,802.00"
2009,28,Target,"64,948.00","2,214.00"
2009,29,Johnson & Johnson,"63,747.00","12,949.00"
2009,30,Morgan Stanley,"62,262.00","1,707.00"
2009,31,State Farm Insurance Cos.,"61,343.40",-541.8
2009,32,WellPoint,"61,251.10","2,490.70"
2009,33,Dell,"61,101.00","2,478.00"
2009,34,Boeing,"60,909.00","2,672.00"
2009,35,Microsoft,"60,420.00","17,681.00"
2009,36,Walgreen,"59,034.00","2,157.00"
2009,37,United Technologies,"58,681.00","4,689.00"
2009,38,Dow Chemical,"57,514.00",579
2009,39,MetLife,"55,085.00","3,209.00"
2009,40,Goldman Sachs Group,"53,579.00","2,322.00"
2009,41,Sunoco,"51,652.00",776
2009,41,Wells Fargo,"51,652.00","2,655.00"
2009,43,United Parcel Service,"51,486.00","3,003.00"
2009,44,Caterpillar,"51,324.00","3,557.00"
2009,45,Medco Health Solutions,"51,258.00","1,102.90"
2009,46,Pfizer,"48,296.00","8,104.00"
2009,47,Lowe's,"48,230.00","2,195.00"
2009,48,Time Warner,"46,984.00","-13,402.00"
2009,49,Sears Holdings,"46,770.00",53
2009,50,Safeway,"44,104.00",965.3
2009,51,Supervalu,"44,048.00",593
2009,52,PepsiCo,"43,251.00","5,142.00"
2009,53,Kraft Foods,"42,867.00","2,901.00"
2009,54,Lockheed Martin,"42,731.00","3,217.00"
2009,55,Hess,"41,094.00","2,360.00"
2009,56,Best Buy,"40,023.00","1,407.00"
2009,57,Cisco Systems,"39,540.00","8,052.00"
2009,58,Johnson Controls,"38,062.00",979
2009,59,FedEx,"37,953.00","1,125.00"
2009,60,Walt Disney,"37,843.00","4,427.00"
2009,61,Intel,"37,586.00","5,292.00"
2009,62,Sysco,"37,522.10","1,106.20"
2009,63,Honeywell International,"36,556.00","2,792.00"
2009,64,Sprint Nextel,"35,635.00","-2,796.00"
2009,65,Enterprise GP Holdings,"35,469.60",164.1
2009,66,GMAC,"35,445.00","1,868.00"
2009,67,Ingram Micro,"34,362.20",-394.9
2009,68,Comcast,"34,256.00","2,547.00"
2009,69,Northrop Grumman,"33,940.00","-1,262.00"
2009,70,News Corp.,"32,996.00","5,387.00"
2009,71,Apple,"32,479.00","4,834.00"
2009,72,CHS,"32,167.50",803
2009,73,Coca-Cola,"31,944.00","5,807.00"
2009,74,American Express,"31,877.00","2,699.00"
2009,75,DuPont,"31,836.00","2,007.00"
2009,76,New York Life Insurance,"31,416.20",-949.7
2009,77,Aetna,"30,950.70","1,384.10"
2009,78,Motorola,"30,146.00","-4,244.00"
2009,79,Plains All American Pipeline,"30,061.00",437
2009,80,Abbott Laboratories,"29,527.60","4,880.70"
2009,81,Allstate,"29,394.00","-1,679.00"
2009,82,TIAA-CREF,"29,362.50","-3,344.90"
2009,83,General Dynamics,"29,302.00","2,459.00"
2009,84,Prudential Financial,"29,275.00","-1,073.00"
2009,85,Humana,"28,946.40",647.2
2009,86,Liberty Mutual Insurance Group,"28,855.00","1,140.00"
2009,87,Deere,"28,437.60","2,052.80"
2009,88,HCA,"28,374.00",673
2009,89,Tyson Foods,"28,130.00",86
2009,90,Alcoa,"28,119.00",-74
2009,91,Tesoro,"28,031.00",278
2009,92,Murphy Oil,"27,512.50","1,740.00"
2009,93,Philip Morris International,"25,705.00","6,890.00"
2009,94,Emerson Electric,"25,281.00","2,412.00"
2009,95,3M,"25,269.00","3,460.00"
2009,96,Macy's,"24,892.00","-4,803.00"
2009,97,International Paper,"24,829.00","-1,282.00"
2009,98,Occidental Petroleum,"24,480.00","6,857.00"
2009,99,Travelers Cos.,"24,477.00","2,924.00"
2009,100,Rite Aid,"24,417.70","-1,079.00"
2009,101,Publix Super Markets,"24,109.60","1,089.80"
2009,102,Tech Data,"24,080.50",123.6
2009,103,Merck,"23,850.30","7,808.40"
2009,104,AMR,"23,766.00","-2,071.00"
2009,105,United States Steel,"23,754.00","2,112.00"
2009,106,Nucor,"23,663.30","1,831.00"
2009,107,McDonald's,"23,522.40","4,313.20"
2009,108,Raytheon,"23,174.00","1,672.00"
2009,109,Staples,"23,083.80",805.3
2009,110,Wyeth,"22,833.90","4,417.80"
2009,111,Delta Air Lines,"22,697.00","-8,922.00"
2009,112,Fannie Mae,"22,652.00","-58,707.00"
2009,113,Oracle,"22,430.00","5,521.00"
2009,114,Fluor,"22,325.90",720.5
2009,115,Express Scripts,"22,022.70",776.1
2009,116,Coca-Cola Enterprises,"21,807.00","-4,394.00"
2009,117,Google,"21,795.60","4,226.90"
2009,118,Northwestern Mutual,"21,734.40",483.2
2009,119,Manpower,"21,552.80",218.9
2009,120,Bristol-Myers Squibb,"21,366.00","5,247.00"
2009,121,Delphi,"20,383.00","3,037.00"
2009,122,Eli Lilly,"20,378.00","-2,071.90"
2009,123,UAL,"20,194.00","-5,348.00"
2009,124,Nationwide,"19,848.00",-342
2009,125,Constellation Energy,"19,818.30","-1,314.40"
2009,126,DirecTV Group,"19,693.00","1,521.00"
2009,127,Goodyear Tire & Rubber,"19,488.00",-77
2009,128,Kimberly-Clark,"19,415.00","1,690.00"
2009,129,U.S. Bancorp,"19,229.00","2,946.00"
2009,130,Amazon.com,"19,166.00",645
2009,131,TJX,"19,147.50",880.6
2009,132,Cigna,"19,101.00",292
2009,133,Whirlpool,"18,907.00",418
2009,134,Exelon,"18,859.00","2,737.00"
2009,135,Massachusetts Mutual Life Insurance,"18,744.60",-923.8
2009,136,Nike,"18,627.00","1,883.40"
2009,137,World Fuel Services,"18,509.40",105
2009,138,Schering-Plough,"18,502.00","1,903.00"
2009,139,J.C. Penney,"18,486.00",572
2009,140,International Assets Holding,"18,358.90",27.8
2009,141,Halliburton,"18,279.00","1,538.00"
2009,142,Burlington Northern Santa Fe,"18,018.00","2,115.00"
2009,143,Union Pacific,"17,970.00","2,338.00"
2009,144,Avnet,"17,952.70",499.1
2009,145,Capital One Financial,"17,868.50",-46
2009,146,Freeport-McMoRan Copper & Gold,"17,796.00","-11,067.00"
2009,147,Xerox,"17,608.00",230
2009,148,Illinois Tool Works,"17,217.90","1,519.00"
2009,149,Southern,"17,127.00","1,742.00"
2009,150,Merrill Lynch,"16,784.00","-27,612.00"
2009,151,Arrow Electronics,"16,761.00",-613.7
2009,152,AFLAC,"16,554.00","1,254.00"
2009,153,Computer Sciences,"16,499.50",544.6
2009,154,FPL Group,"16,410.00","1,639.00"
2009,155,Kohl's,"16,389.00",885
2009,156,Bank of New York Mellon Corp.,"16,355.00","1,419.00"
2009,157,Dominion Resources,"16,290.00","1,834.00"
2009,158,AES,"16,170.00","1,234.00"
2009,159,Oneok,"16,157.40",311.9
2009,160,Altria Group,"15,957.00","4,930.00"
2009,161,PPG Industries,"15,849.00",538
2009,162,Anadarko Petroleum,"15,723.00","3,261.00"
2009,163,Devon Energy,"15,560.00","-2,148.00"
2009,164,Eaton,"15,376.00","1,058.00"
2009,165,Health Net,"15,366.60",95
2009,166,Colgate-Palmolive,"15,329.90","1,957.20"
2009,167,Continental Airlines,"15,241.00",-585
2009,168,Amgen,"15,003.00","4,196.00"
2009,169,TRW Automotive Holdings,"14,995.00",-779
2009,170,Paccar,"14,972.50","1,017.90"
2009,171,L-3 Communications,"14,901.00",949
2009,172,EMC,"14,876.20","1,345.60"
2009,173,Textron,"14,806.00",486
2009,174,Loews,"14,733.00","4,530.00"
2009,175,Navistar International,"14,724.00",134
2009,176,PG&E Corp.,"14,628.00","1,338.00"
2009,177,Viacom,"14,625.00","1,251.00"
2009,178,Gap,"14,526.00",967
2009,179,Office Depot,"14,495.50","-1,478.90"
2009,180,American Electric Power,"14,442.00","1,380.00"
2009,181,Cummins,"14,342.00",755
2009,182,AutoNation,"14,288.00","-1,243.10"
2009,183,Smithfield Foods,"14,264.10",128.9
2009,184,Edison International,"14,112.00","1,215.00"
2009,185,Integrys Energy Group,"14,047.80",126.4
2009,186,CBS,"13,950.40","-11,673.40"
2009,187,Sun Microsystems,"13,880.00",403
2009,188,ConAgra Foods,"13,808.70",930.6
2009,189,Pepsi Bottling,"13,796.00",162
2009,190,Public Service Enterprise Group,"13,741.00","1,188.00"
2009,191,Consolidated Edison,"13,725.90","1,195.70"
2009,192,"Toys R"" Us""","13,724.00",218
2009,193,General Mills,"13,652.10","1,294.70"
2009,194,FirstEnergy,"13,627.00","1,342.00"
2009,195,Lear,"13,570.50",-689.9
2009,196,Medtronic,"13,515.00","2,231.00"
2009,197,Qwest Communications,"13,475.00",681
2009,198,Aramark,"13,470.20",39.5
2009,199,Sara Lee,"13,450.00",-79
2009,200,National Oilwell Varco,"13,431.40","1,952.00"
2009,201,Waste Management,"13,388.00","1,087.00"
2009,202,Omnicom Group,"13,359.90","1,000.30"
2009,203,Chubb,"13,221.00","1,804.00"
2009,204,Duke Energy,"13,212.00","1,362.00"
2009,205,Entergy,"13,093.80","1,220.60"
2009,206,State Street Corp.,"12,922.00","1,811.00"
2009,207,United Services Automobile Association,"12,912.00",422.7
2009,208,Marriott International,"12,880.00",362
2009,209,Progressive,"12,840.10",-70
2009,210,Kellogg,"12,822.00","1,148.00"
2009,211,SunTrust Banks,"12,800.80",795.8
2009,212,Jabil Circuit,"12,779.70",133.9
2009,213,Danaher,"12,697.50","1,317.60"
2009,214,Reliant Energy,"12,553.20",-739.7
2009,215,Texas Instruments,"12,501.00","1,920.00"
2009,216,Dean Foods,"12,454.60",183.8
2009,217,Apache,"12,389.80",712
2009,218,Williams,"12,357.00","1,418.00"
2009,219,Baxter International,"12,348.00","2,014.00"
2009,220,Freddie Mac,"12,302.00","-50,119.00"
2009,221,Parker Hannifin,"12,145.60",949.5
2009,222,US Airways Group,"12,118.00","-2,210.00"
2009,223,Knight,"12,094.80","-3,599.30"
2009,224,Land O'Lakes,"12,039.30",159.6
2009,225,Penske Automotive Group,"11,917.70",-411.9
2009,226,Coventry Health Care,"11,913.60",381.9
2009,227,Baker Hughes,"11,864.00","1,635.00"
2009,228,Circuit City Stores,"11,743.70",-319.9
2009,229,ITT,"11,702.50",794.7
2009,230,Chesapeake Energy,"11,629.00",723
2009,231,DISH Network,"11,617.20",902.9
2009,232,Marsh & McLennan,"11,587.00",-73
2009,233,R.R. Donnelley & Sons,"11,581.60",-189.9
2009,234,KBR,"11,581.00",319
2009,235,Monsanto,"11,579.00","2,024.00"
2009,236,Weyerhaeuser,"11,401.00","-1,176.00"
2009,237,Energy Future Holdings,"11,364.00",-983.8
2009,238,CenterPoint Energy,"11,322.00",447
2009,239,Yum Brands,"11,279.00",964
2009,240,CSX,"11,255.00","1,365.00"
2009,241,Jacobs Engineering Group,"11,252.20",420.7
2009,242,Xcel Energy,"11,203.20",645.6
2009,243,Community Health Systems,"11,156.40",218.3
2009,244,Qualcomm,"11,142.00","3,160.00"
2009,245,American International Group,"11,104.00","-99,289.00"
2009,246,Southwest Airlines,"11,023.00",178
2009,247,Genuine Parts,"11,015.30",475.4
2009,248,Air Products & Chemicals,"10,938.60",909.7
2009,249,Praxair,"10,796.00","1,211.00"
2009,250,Smith International,"10,770.80",767.3
2009,251,Commercial Metals,"10,764.60",232
2009,252,Sempra Energy,"10,758.00","1,113.00"
2009,253,Western Refining,"10,725.60",64.2
2009,254,Pepco Holdings,"10,700.00",300
2009,255,Avon Products,"10,690.10",875.3
2009,256,Norfolk Southern,"10,661.00","1,716.00"
2009,257,Liberty Global,"10,561.10",-788.9
2009,258,Thermo Fisher Scientific,"10,498.00",994.2
2009,259,Dollar General,"10,457.70",108.2
2009,260,BB&T Corp.,"10,404.00","1,519.00"
2009,261,Starbucks,"10,383.00",315.5
2009,262,Huntsman,"10,215.00",609
2009,263,Harrah's Entertainment,"10,127.00","-5,197.20"
2009,264,URS,"10,086.30",219.8
2009,265,Liberty Media,"10,084.00","3,479.00"
2009,266,SAIC,"10,078.00",452
2009,267,H.J. Heinz,"10,070.80",844.9
2009,268,Enbridge Energy Partners,"10,060.00",403.2
2009,269,BJ's Wholesale Club,"10,027.40",134.6
2009,270,Unum Group,"9,982.30",553.2
2009,271,Genworth Financial,"9,948.00",-572
2009,272,Calpine,"9,937.00",10
2009,273,Principal Financial,"9,935.90",458.1
2009,274,Lincoln National,"9,905.00",57
2009,275,Terex,"9,889.60",71.9
2009,276,Mosaic,"9,812.60","2,082.80"
2009,277,Masco,"9,700.00",-391
2009,278,PNC Financial Services Group,"9,680.00",882
2009,279,Guardian Life Ins. Co. of America,"9,675.00",409.1
2009,280,Regions Financial,"9,636.60","-5,595.80"
2009,281,Rohm & Haas,"9,575.00",482
2009,282,Visteon,"9,544.00",-681
2009,283,Tenet Healthcare,"9,494.00",25
2009,284,Eastman Kodak,"9,416.00",-442
2009,285,DTE Energy,"9,336.00",546
2009,286,Energy Transfer Equity,"9,293.40",375
2009,287,Hartford Financial Services,"9,219.00","-2,749.00"
2009,288,Progress Energy,"9,186.00",830
2009,289,NiSource,"9,069.50",79
2009,290,Limited Brands,"9,043.00",220
2009,291,Global Partners,"9,019.10",21.1
2009,292,Sanmina-SCI,"9,004.90",-486.3
2009,293,YRC Worldwide,"8,940.40",-974.4
2009,294,Reynolds American,"8,845.00","1,338.00"
2009,295,First Data,"8,811.30","-3,764.30"
2009,296,GameStop,"8,805.90",398.3
2009,297,Automatic Data Processing,"8,776.50","1,235.70"
2009,298,Reliance Steel & Aluminum,"8,718.80",482.8
2009,299,Assurant,"8,601.20",447.8
2009,300,C.H. Robinson Worldwide,"8,578.60",359.2
2009,301,Nordstrom,"8,573.00",401
2009,302,Fifth Third Bancorp,"8,554.00","-2,113.00"
2009,303,eBay,"8,541.30","1,779.50"
2009,304,Pilgrim's Pride,"8,525.10",-998.6
2009,305,Hertz Global Holdings,"8,525.10","-1,206.70"
2009,306,AGCO,"8,424.60",400
2009,307,Aon,"8,406.00","1,462.00"
2009,308,Centex,"8,405.70","-2,657.50"
2009,309,Campbell Soup,"8,391.00","1,165.00"
2009,310,Ashland,"8,381.00",167
2009,311,CarMax,"8,318.80",182
2009,312,Crown Holdings,"8,305.00",226
2009,313,OfficeMax,"8,267.00","-1,657.90"
2009,314,PPL,"8,206.00",930
2009,315,Applied Materials,"8,129.20",960.7
2009,316,Dana Holding,"8,101.00",18
2009,317,Pantry,"8,088.60",31.8
2009,318,Steel Dynamics,"8,080.50",463.4
2009,319,Western Digital,"8,074.00",867
2009,320,Boston Scientific,"8,050.00","-2,036.00"
2009,321,Peter Kiewit Sons',"8,012.00",552
2009,322,Sherwin-Williams,"7,979.70",476.9
2009,323,Targa Resources,"7,970.20",52.9
2009,324,Whole Foods Market,"7,953.90",114.5
2009,325,Est?e Lauder,"7,910.80",473.8
2009,326,Owens-Illinois,"7,884.70",258.3
2009,327,Ameren,"7,839.00",605
2009,328,Synnex,"7,768.20",83.8
2009,329,Dole Food,"7,732.40",121
2009,330,XTO Energy,"7,695.00","1,912.00"
2009,331,SLM,"7,689.40",-212.6
2009,332,TravelCenters of America,"7,658.40",-40.2
2009,333,Dover,"7,653.00",590.8
2009,334,AK Steel Holding,"7,644.30",4
2009,335,VF,"7,642.60",602.7
2009,336,Ball,"7,561.50",319.5
2009,337,Sonic Automotive,"7,488.00",-685.9
2009,338,Virgin Media,"7,439.90","-1,692.90"
2009,339,Owens & Minor,"7,337.60",93.3
2009,340,Winn-Dixie Stores,"7,281.40",12.8
2009,341,Quest Diagnostics,"7,249.40",581.5
2009,342,Cablevision Systems,"7,230.10",-227.6
2009,343,Atmos Energy,"7,221.30",180.3
2009,344,MGM Mirage,"7,208.80",-855.3
2009,345,Yahoo,"7,208.50",424.3
2009,346,ArvinMeritor,"7,174.00",-101
2009,347,Becton Dickinson,"7,158.50","1,127.00"
2009,348,Ameriprise Financial,"7,149.00",-38
2009,349,Oshkosh,"7,138.30",79.3
2009,350,EOG Resources,"7,127.10","2,436.90"
2009,351,Fortune Brands,"7,105.10",311.1
2009,352,Discover Financial Services,"7,088.00",927.8
2009,353,Peabody Energy,"7,074.00",953.5
2009,354,Goodrich,"7,061.70",681.2
2009,355,Bed Bath & Beyond,"7,048.90",562.8
2009,356,Smurfit-Stone Container,"7,042.00","-2,818.00"
2009,357,Shaw Group,"6,998.00",140.7
2009,358,Dillard's,"6,988.40",-241.1
2009,359,Family Dollar Stores,"6,983.60",233.1
2009,360,Great Atlantic & Pacific Tea,"6,963.80",-160.7
2009,361,Interpublic Group,"6,962.70",295
2009,362,Precision Castparts,"6,916.40",987.3
2009,363,NRG Energy,"6,905.00","1,188.00"
2009,364,Eastman Chemical,"6,895.00",346
2009,365,MeadWestvaco,"6,890.00",90
2009,366,W.W. Grainger,"6,850.00",475.4
2009,367,Mohawk Industries,"6,826.30","-1,458.20"
2009,368,Celanese,"6,823.00",282
2009,369,CMS Energy,"6,821.00",300
2009,370,Emcor Group,"6,785.20",182.2
2009,371,Gannett,"6,767.70","-6,647.60"
2009,372,CC Media Holdings,"6,764.80","-4,005.50"
2009,373,Hormel Foods,"6,754.90",285.5
2009,374,Darden Restaurants,"6,747.20",377.2
2009,375,Stryker,"6,718.20","1,147.80"
2009,376,Avery Dennison,"6,710.40",266.1
2009,377,UGI,"6,648.20",215.5
2009,378,D.R. Horton,"6,646.10","-2,633.60"
2009,379,AbitibiBowater,"6,645.10","-1,050.90"
2009,380,AutoZone,"6,522.70",641.6
2009,381,WellCare Health Plans,"6,521.90",-36.8
2009,382,KeyCorp,"6,499.00","-1,468.00"
2009,383,Frontier Oil,"6,498.80",80.2
2009,384,Ross Stores,"6,486.10",305.4
2009,385,Charter Communications,"6,479.00","-2,451.00"
2009,386,Autoliv,"6,473.20",164.7
2009,387,Newell Rubbermaid,"6,470.60",-52.3
2009,388,American Family Insurance Group,"6,431.30",-297.9
2009,389,Henry Schein,"6,407.60",243.1
2009,390,Domtar,"6,394.00",-573
2009,391,McGraw-Hill,"6,355.10",799.5
2009,392,Omnicare,"6,310.60",156.1
2009,393,Pulte Homes,"6,289.50","-1,473.10"
2009,394,Visa,"6,263.00",804
2009,395,Pitney Bowes,"6,262.30",419.8
2009,396,General Cable,"6,230.10",217.2
2009,397,CIT Group,"6,228.90","-2,799.50"
2009,398,First American Corp.,"6,213.80",-26.3
2009,399,Ryder System,"6,203.70",199.9
2009,400,Newmont Mining,"6,199.00",853
2009,401,Affiliated Computer Services,"6,160.60",329
2009,402,SPX,"6,144.00",247.9
2009,403,Ecolab,"6,137.50",448.1
2009,404,Anixter International,"6,136.60",195.7
2009,405,Embarq,"6,124.00",769
2009,406,Wesco International,"6,110.80",212.7
2009,407,Hexion Specialty Chemicals,"6,093.00","-1,190.00"
2009,408,Black & Decker,"6,086.10",293.6
2009,409,Thrivent Financial for Lutherans,"6,060.60",-329.7
2009,410,Franklin Resources,"6,032.40","1,588.20"
2009,411,Avis Budget Group,"5,984.00","-1,124.00"
2009,412,Harley-Davidson,"5,971.30",654.7
2009,413,Aleris International,"5,968.20",-305.4
2009,414,Corning,"5,948.00","5,257.00"
2009,415,Mattel,"5,918.00",379.6
2009,416,Tenneco,"5,916.00",-415
2009,417,Starwood Hotels & Resorts,"5,907.00",329
2009,418,Advanced Micro Devices,"5,881.00","-3,098.00"
2009,419,Symantec,"5,874.40",463.9
2009,420,Holly,"5,867.70",120.6
2009,421,Cameron International,"5,848.90",593.7
2009,422,Owens Corning,"5,847.00",-839
2009,423,Micron Technology,"5,841.00","-1,619.00"
2009,424,Northeast Utilities,"5,800.10",260.8
2009,425,Agilent Technologies,"5,774.00",693
2009,426,ProLogis,"5,772.80",-406.8
2009,427,Dr Pepper Snapple Group,"5,710.00",-312
2009,428,Group 1 Automotive,"5,703.30",-31.5
2009,429,Rockwell Automation,"5,697.80",577.6
2009,430,Northern Trust Corp.,"5,677.90",794.8
2009,431,Timken,"5,663.70",267.7
2009,432,Perini,"5,660.30",-75.1
2009,433,DaVita,"5,660.20",374.2
2009,434,Expeditors International of Washington,"5,633.90",301
2009,435,SunGard Data Systems,"5,596.00",-242
2009,436,CH2M Hill,"5,589.90",32.1
2009,437,Kelly Services,"5,517.30",-82.2
2009,438,BJ Services,"5,426.30",609.4
2009,439,Graybar Electric,"5,400.20",87.4
2009,440,Charles Schwab,"5,393.00","1,212.00"
2009,441,Western & Southern Financial Group,"5,391.70",109.1
2009,442,Jarden,"5,383.30",-58.9
2009,443,El Paso,"5,363.00",-823
2009,444,Gilead Sciences,"5,335.80","2,011.20"
2009,445,Scana,"5,319.00",346
2009,446,NCR,"5,315.00",228
2009,447,Harris,"5,311.00",444.2
2009,448,Allegheny Technologies,"5,309.70",565.9
2009,449,Host Hotels & Resorts,"5,294.00",427
2009,450,Blockbuster,"5,287.90",-374.1
2009,451,Western Union,"5,282.00",919
2009,452,Clorox,"5,273.00",461
2009,453,BorgWarner,"5,263.90",-35.6
2009,454,Foot Locker,"5,237.00",-80
2009,455,Barnes & Noble,"5,235.30",75.9
2009,456,Unisys,"5,233.20",-130.1
2009,457,Freescale Semiconductor,"5,226.00","-7,913.00"
2009,458,AECOM Technology,"5,216.20",147.2
2009,459,Spectra Energy,"5,184.00","1,129.00"
2009,460,FMC Technologies,"5,163.40",361.3
2009,461,Advance Auto Parts,"5,142.30",238
2009,462,Mylan,"5,137.60",-181.2
2009,463,Hershey,"5,132.80",311.4
2009,464,CB Richard Ellis Group,"5,130.10","-1,012.10"
2009,465,Telephone & Data Systems,"5,092.00",93.5
2009,466,Icahn Enterprises,"5,088.00",-43
2009,467,Universal Health Services,"5,080.90",199.4
2009,468,PetSmart,"5,065.30",192.7
2009,469,BlackRock,"5,063.90",786.4
2009,470,Con-way,"5,036.80",73.7
2009,471,Lubrizol,"5,027.80",-66.1
2009,472,CVR Energy,"5,016.10",163.9
2009,473,MDU Resources Group,"5,003.30",293.7
2009,474,MasterCard,"4,991.60",-253.9
2009,475,United Stationers,"4,986.90",98.4
2009,476,Auto-Owners Insurance,"4,951.80",205.8
2009,477,NYSE Euronext,"4,951.00",-738
2009,478,PepsiAmericas,"4,937.20",226.4
2009,479,Crosstex Energy,"4,915.60",24.2
2009,480,Manitowoc,"4,884.30",-10.7
2009,481,Polo Ralph Lauren,"4,880.10",419.8
2009,482,Fiserv,"4,873.00",569
2009,483,Sealed Air,"4,843.50",179.9
2009,484,Insight Enterprises,"4,834.40",-151.6
2009,485,NuStar Energy,"4,828.80",254
2009,486,Asbury Automotive Group,"4,785.00",-338
2009,487,Molson Coors Brewing,"4,774.30",388
2009,488,Rockwell Collins,"4,769.00",678
2009,489,Realogy,"4,725.00","-1,912.00"
2009,490,W.R. Berkley,"4,708.80",281.1
2009,491,Brunswick,"4,708.70",-788.1
2009,492,Nash-Finch,"4,703.70",36.2
2009,493,Leggett & Platt,"4,664.70",104.4
2009,494,Universal American,"4,659.20",95.1
2009,495,Broadcom,"4,658.10",214.8
2009,496,Brightpoint,"4,658.00",-342.1
2009,497,Consol Energy,"4,652.40",442.5
2009,498,Big Lots,"4,645.30",151.5
2009,499,Dollar Tree,"4,644.90",229.5
2009,500,Legg Mason,"4,634.10",267.6
2009,501,USG,"4,608.00",-463
2009,502,Genzyme,"4,605.00",421.1
2009,503,Robert Half International,"4,600.60",250.2
2009,504,Neiman Marcus,"4,600.50",142.8
2009,505,Lennar,"4,575.40","-1,109.10"
2009,506,Core-Mark Holding,"4,570.50",17.9
2009,507,Lexmark International,"4,528.40",240.2
2009,508,Chiquita Brands International,"4,524.10",-323.7
2009,509,Amerigroup,"4,516.00",-50.7
2009,510,Laboratory Corp. of America,"4,505.20",464.5
2009,511,Health Management Associates,"4,489.30",167.2
2009,512,Stanley Works,"4,487.00",313.3
2009,513,Flowserve,"4,473.50",442.4
2009,514,Washington Post,"4,461.60",65.7
2009,515,Wisconsin Energy,"4,431.00",359.1
2009,516,Casey's General Stores,"4,429.30",84.9
2009,517,Allergan,"4,403.40",578.6
2009,518,Levi Strauss,"4,400.90",229.3
2009,519,Las Vegas Sands,"4,389.90",-163.6
2009,520,St. Jude Medical,"4,363.30",384.3
2009,521,NewPage Holding,"4,356.00",-142
2009,522,Energizer Holdings,"4,331.00",329.3
2009,523,Fidelity National Financial,"4,329.10",-179
2009,524,Live Nation,"4,327.10",-231.8
2009,525,Mutual of Omaha Insurance,"4,312.00",-58.2
2009,526,Level 3 Communications,"4,301.00",-290
2009,527,American Financial Group,"4,292.70",195.8
2009,528,Wyndham Worldwide,"4,281.00","-1,074.00"
2009,529,CA,"4,277.00",500
2009,530,NII Holdings,"4,269.40",369.1
2009,531,Seaboard,"4,267.80",146.9
2009,532,Hanesbrands,"4,248.80",127.2
2009,533,Brinker International,"4,235.20",51.7
2009,534,RadioShack,"4,224.50",192.4
2009,535,M&T Bank Corp.,"4,216.60",555.9
2009,536,Nalco Holding,"4,212.40",-342.6
2009,537,Conseco,"4,194.40","-1,126.70"
2009,538,Kindred Healthcare,"4,194.00",36.3
2009,539,Alliant Techsystems,"4,171.70",222.3
2009,540,Adams Resources & Energy,"4,159.70",-5.6
2009,541,Dick's Sporting Goods,"4,130.10",-35.1
2009,542,Sonoco Products,"4,122.40",164.6
2009,543,Zimmer Holdings,"4,121.10",848.6
2009,544,Harman International Industries,"4,112.50",107.8
2009,545,Unified Grocers,"4,104.80",17.4
2009,546,Biogen Idec,"4,097.50",783.2
2009,547,Graphic Packaging Holding,"4,079.40",-99.7
2009,548,OGE Energy,"4,070.70",231.4
2009,549,Liz Claiborne,"4,061.80",-951.8
2009,550,Marshall & Ilsley Corp.,"4,025.80","-2,043.50"
2009,551,Pacific Life,"4,023.00",-289
2009,552,Hasbro,"4,021.50",306.8
2009,553,Airgas,"4,017.00",223.3
2009,554,CommScope,"4,016.60",-228.5
2009,555,Ruddick,"3,992.40",96.8
2009,556,H&R Block,"3,980.70",-308.6
2009,557,Harsco,"3,967.80",240.9
2009,558,Susser Holdings,"3,966.40",16.5
2009,559,Comerica,"3,944.00",213
2009,560,Corn Products International,"3,943.60",267.2
2009,561,Cintas,"3,937.90",335.4
2009,562,Discovery Communications,"3,927.00",317
2009,563,CF Industries Holdings,"3,921.10",684.6
2009,564,Noble Energy,"3,901.00","1,350.00"
2009,565,Solutia,"3,890.00",786
2009,566,Temple-Inland,"3,884.00",-8
2009,567,Trinity Industries,"3,882.80",285.8
2009,568,Jones Financial,"3,859.00",311.8
2009,569,Forest Laboratories,"3,836.30",967.9
2009,570,Cincinnati Financial,"3,824.40",428.7
2009,571,Michaels Stores,"3,817.00",-5
2009,572,New Jersey Resources,"3,816.20",113.9
2009,573,Simon Property Group,"3,783.20",463.6
2009,574,Quanta Services,"3,780.20",166.7
2009,575,Bemis,"3,779.40",166.2
2009,576,Greif,"3,776.80",234.4
2009,577,Nicor,"3,776.60",119.5
2009,578,Constellation Brands,"3,773.00",-613
2009,579,VWR Funding,"3,759.20",-334.6
2009,580,Stater Bros. Holdings,"3,741.30",40.6
2009,581,ABM Industries,"3,738.50",45.4
2009,582,Del Monte Foods,"3,737.40",133.1
2009,583,J.B. Hunt Transport Services,"3,731.90",200.6
2009,584,NVR,"3,714.10",100.9
2009,585,Exide Technologies,"3,696.70",32.1
2009,586,Westlake Chemical,"3,692.40",-29.5
2009,587,Republic Services,"3,685.10",73.8
2009,588,Alliant Energy,"3,681.70",288
2009,589,Nacco Industries,"3,680.30",-437.6
2009,590,Electronic Arts,"3,665.00",-454
2009,591,Alaska Air Group,"3,662.60",-135.9
2009,592,Vulcan Materials,"3,651.40",-4.1
2009,593,Nasdaq OMX Group,"3,648.70",319.9
2009,594,RPM International,"3,643.80",47.7
2009,595,Schnitzer Steel Industries,"3,641.60",248.7
2009,596,Cytec Industries,"3,639.90",-198.8
2009,597,Hospira,"3,629.50",320.9
2009,598,Jones Apparel Group,"3,616.40",-765.4
2009,599,Cliffs Natural Resources,"3,609.10",515.8
2009,600,Brink's,"3,605.90",183.3
2009,601,Adobe Systems,"3,579.90",871.8
2009,602,O'Reilly Automotive,"3,576.60",186.2
2009,603,Juniper Networks,"3,572.40",511.7
2009,604,Pactiv,"3,567.00",217
2009,605,Dynegy,"3,549.00",174
2009,606,Chemtura,"3,546.00",-973
2009,607,Abercrombie & Fitch,"3,540.30",272.3
2009,608,NV Energy,"3,528.10",208.9
2009,609,Centene,"3,515.20",83.5
2009,610,Berry Plastics,"3,513.10",-101.1
2009,611,Huntington Bancshares,"3,505.50",-113.8
2009,612,Fidelity National Information Services,"3,503.60",214.8
2009,613,Belk,"3,499.40",-213
2009,614,Skywest,"3,496.20",112.9
2009,615,Lennox International,"3,493.60",122.8
2009,616,Warner Music Group,"3,491.00",-56
2009,617,Andersons,"3,489.50",32.9
2009,618,Valspar,"3,482.40",150.8
2009,619,Questar,"3,465.10",683.8
2009,620,Collective Brands,"3,442.00",-68.7
2009,621,Pinnacle West Capital,"3,435.10",242.1
2009,622,Rockwood Holdings,"3,435.00",-588.4
2009,623,Nvidia,"3,424.90",-30
2009,624,Burlington Coat Factory,"3,424.00",-49
2009,625,Steelcase,"3,420.80",133.2
2009,626,Joy Global,"3,418.90",374.3
2009,627,Pentair,"3,395.30",228.7
2009,628,Armstrong World Industries,"3,393.00",81
2009,629,JetBlue Airways,"3,388.00",-76
2009,630,Allegheny Energy,"3,385.90",395.4
2009,631,JohnsonDiversey,"3,380.80",-11.8
2009,632,TECO Energy,"3,375.30",162.4
2009,633,BearingPoint,"3,369.80",-204.2
2009,634,United Natural Foods,"3,365.90",48.5
2009,635,ServiceMaster,"3,362.30",-126.4
2009,636,General Growth Properties,"3,361.50",26.3
2009,637,Williams-Sonoma,"3,361.50",30
2009,638,Puget Energy,"3,357.80",154.9
2009,639,Borders Group,"3,356.20",-186.7
2009,640,SanDisk,"3,351.40","-2,056.80"
2009,641,NSTAR,"3,345.40",237.5
2009,642,Molex,"3,328.30",215.4
2009,643,Torchmark,"3,326.90",452.3
2009,644,W.R. Grace,"3,317.00",121.5
2009,645,Hovnanian Enterprises,"3,308.10","-1,124.60"
2009,646,US Oncology Holdings,"3,304.20",-412.5
2009,647,NetApp,"3,303.20",309.7
2009,648,DRS Technologies,"3,295.40",165.8
2009,649,United Rentals,"3,267.00",-704
2009,650,Ingles Markets,"3,238.00",52.1
2009,651,Old Republic International,"3,237.70",-558.3
2009,652,Amphenol,"3,236.50",419.2
2009,653,Hewitt Associates,"3,227.60",188.1
2009,654,Bon-Ton Stores,"3,225.40",-169.9
2009,655,Hawaiian Electric Industries,"3,218.90",90.3
2009,656,Windstream,"3,213.50",412.7
2009,657,Raymond James Financial,"3,204.90",235.1
2009,658,Cabot,"3,191.00",86
2009,659,E*Trade Financial,"3,188.20",-511.8
2009,660,Mirant,"3,188.00","1,265.00"
2009,661,Coach,"3,180.90",783.1
2009,662,Exterran Holdings,"3,178.70",-947.3
2009,663,Carlisle,"3,177.50",55.9
2009,664,McCormick,"3,176.60",255.8
2009,665,Diebold,"3,170.10",88.6
2009,666,Zions Bancorp.,"3,164.60",-266.3
2009,667,Toll Brothers,"3,158.20",-297.8
2009,668,Country Ins. & Financial Services,"3,155.10",5.2
2009,669,Apollo Group,"3,140.90",476.5
2009,670,Popular,"3,134.90","-1,243.90"
2009,671,Silgan Holdings,"3,121.00",131.6
2009,672,FMC,"3,115.30",304.6
2009,673,Molina Healthcare,"3,112.40",62.4
2009,674,Sovereign Bancorp,"3,104.40","-2,357.20"
2009,675,Beckman Coulter,"3,098.90",194
2009,676,First Horizon National Corp.,"3,098.00",-192
2009,677,Saks,"3,082.00",-154.9
2009,678,Intuit,"3,072.90",476.8
2009,679,Southern Union,"3,070.20",295.2
2009,680,Worthington Industries,"3,067.20",107.1
2009,681,Iron Mountain,"3,055.10",82
2009,682,KB Home,"3,033.90",-976.1
2009,683,Systemax,"3,033.00",52.8
2009,684,Tractor Supply,"3,007.90",81.9
2009,685,Jack in the Box,"3,001.40",119.3
2009,686,Erie Insurance Group,"3,001.40",69.2
2009,687,Patterson,"2,998.70",224.9
2009,688,United Refining,"2,994.20",-49.9
2009,689,Massey Energy,"2,989.80",56.2
2009,690,American Eagle Outfitters,"2,988.90",179.1
2009,691,Wynn Resorts,"2,987.30",210.2
2009,692,Arch Coal,"2,983.80",354.3
2009,693,Scotts Miracle-Gro,"2,981.80",-10.9
2009,694,Boise Cascade Holdings,"2,977.50",-288
2009,695,Idearc,"2,973.00",183
2009,696,PHH,"2,960.00",-254
2009,697,New York Times,"2,948.90",-57.8
2009,698,Oil States International,"2,948.50",222.7
2009,699,Expedia,"2,937.00","-2,517.80"
2009,700,Snap-On,"2,934.70",236.7
2009,701,VeraSun Energy,"2,928.50",-440.7
2009,702,Vornado Realty Trust,"2,919.40",395
2009,703,Georgia Gulf,"2,916.50",-257.6
2009,704,Terra Industries,"2,909.80",641
2009,705,Activision Blizzard,"2,898.10",344.9
2009,706,Rent A Center,"2,884.20",139.6
2009,707,Cooper Tire & Rubber,"2,881.80",-219.4
2009,708,LandAmerica Financial Group,"2,876.00",-719.7
2009,709,Tiffany & Co,"2,860.00",220
2009,710,IAC/InterActiveCorp,"2,849.70",-156.2
2009,711,Rock-Tenn,"2,838.90",81.8
2009,712,Vishay Intertechnology,"2,833.20","-1,731.40"
2009,713,Ralcorp Holdings,"2,824.40",167.8
2009,714,HSN,"2,823.60","-2,390.90"
2009,715,Unitrin,"2,819.70",-29.6
2009,716,Cognizant Technology Solutions,"2,816.30",430.8
2009,717,AGL Resources,"2,800.00",217
2009,718,Interstate Bakeries,"2,798.30",-143.7
2009,719,Vanguard Health Systems,"2,789.20",-0.7
2009,720,TD Ameritrade,"2,787.00",803.9
2009,721,Convergys,"2,785.80",-92.9
2009,722,BlueLinx Holdings,"2,779.70",-31.7
2009,723,Perot Systems,"2,779.00",117
2009,724,Regal Entertainment Group,"2,771.90",72.5
2009,725,Hanover Insurance Group,"2,757.10",20.6
2009,726,LifePoint Hospitals,"2,753.80",114.5
2009,727,MetroPCS Communications,"2,751.50",149.4
2009,728,Buildings Materials Corp. of America,"2,748.90",51.4
2009,729,Securian Financial Group,"2,745.60",-258.6
2009,730,Regis,"2,738.90",85.2
2009,731,PolyOne,"2,738.70",-272.9
2009,732,Kennametal,"2,705.10",167.8
2009,733,Hubbell,"2,704.40",222.7
2009,734,Analog Devices,"2,698.50",786.3
2009,735,Jones Lang LaSalle,"2,697.60",84.9
2009,736,Spectrum Brands,"2,692.70",-931.5
2009,737,LSI,"2,677.10",-622.3
2009,738,Granite Construction,"2,674.20",122.4
2009,739,StanCorp Financial,"2,667.00",162.9
2009,740,Hudson City Bancorp,"2,661.70",445.6
2009,741,Amkor Technology,"2,658.60",-456.7
2009,742,Sally Beauty Holdings,"2,648.20",77.6
2009,743,Landstar System,"2,643.10",110.9
2009,744,Thor Industries,"2,640.70",92.7
2009,745,Quiksilver,"2,638.80",-226.3
2009,746,Thomas & Betts,"2,637.80",265.3
2009,747,Charming Shoppes,"2,630.70",-244.2
2009,748,WGL Holdings,"2,628.20",116.5
2009,749,Magellan Health Services,"2,625.40",86.2
2009,750,R.H. Donnelley,"2,616.80","-2,298.30"
2009,751,Spartan Stores,"2,616.00",34.3
2009,752,Crane,"2,604.30",135.2
2009,753,CenturyTel,"2,599.70",365.7
2009,754,Cooper-Standard Holdings,"2,594.60",-121.5
2009,755,Benchmark Electronics,"2,590.20",-135.6
2009,756,WABCO Holdings,"2,588.00",213.3
2009,757,Graham Packaging,"2,583.70",-57.3
2009,758,Brown-Forman,"2,582.00",440
2009,759,Lithia Motors,"2,572.50",-252.6
2009,760,Pall,"2,571.60",217.3
2009,761,CME Group,"2,561.00",715.5
2009,762,Alpha Natural Resources,"2,561.00",165.5
2009,763,Mueller Industries,"2,558.40",80.8
2009,764,Cabela's,"2,552.70",76.4
2009,765,AirTran Holdings,"2,552.50",-273.8
2009,766,FM Global,"2,545.10",-318
2009,767,Catalyst Health Solutions,"2,543.40",50.4
2009,768,AmeriCredit,"2,543.10",-69.3
2009,769,Watson Pharmaceuticals,"2,535.50",238.4
2009,770,Ametek,"2,531.10",247
2009,771,International Game Technology,"2,528.60",342.5
2009,772,American National Insurance,"2,526.80",-154
2009,773,J.M. Smucker,"2,524.80",170.4
2009,774,Kla-Tencor,"2,521.70",359.1
2009,775,Bucyrus International,"2,505.80",233.3
2009,776,Protective Life,"2,505.60",-41.9
2009,777,AMC Entertainment,"2,504.30",43.4
2009,778,Phillips-Van Heusen,"2,491.90",91.8
2009,779,Calumet Specialty Products,"2,489.00",44.4
2009,780,Source Interlink Cos.,"2,488.30",-360.8
2009,781,ENSCO International,"2,486.60","1,150.80"
2009,782,Vectren,"2,484.70",129
2009,783,Volt Information Sciences,"2,481.40",64.2
2009,784,Lincoln Electric Holdings,"2,479.10",212.3
2009,785,HNI,"2,477.60",45.5
2009,786,Lam Research,"2,474.90",439.3
2009,787,Pride International,"2,468.80",852.1
2009,788,Albemarle,"2,467.10",194.2
2009,789,PNM Resources,"2,466.50",-270.6
2009,790,Burger King Holdings,"2,455.00",190
2009,791,C.R. Bard,"2,452.10",416.5
2009,792,CUNA Mutual Group,"2,432.60",-148.9
2009,793,Boise,"2,430.60",-22.7
2009,794,Penn National Gaming,"2,423.10",-153.3
2009,795,Church & Dwight,"2,422.40",195.2
2009,796,Weis Markets,"2,422.40",47
2009,797,Teleflex,"2,420.90",119.8
2009,798,CACI International,"2,420.50",83.3
2009,799,Flowers Foods,"2,414.90",119.2
2009,800,Mercury General,"2,414.20",-242.1
2009,801,Scholastic,"2,412.60",-17.2
2009,802,Plains Exploration and Production,"2,403.50",-709.1
2009,803,National Fuel Gas,"2,400.40",268.7
2009,804,National Life Group,"2,399.50",-41.9
2009,805,Intl. Flavors & Fragrances,"2,389.40",229.6
2009,806,Medical Mutual of Ohio,"2,387.10",73.5
2009,807,Cracker Barrel Old Country Store,"2,384.50",65.6
2009,808,Biomet,"2,383.30","-1,018.80"
2009,809,Valassis Communications,"2,381.90",-207.5
2009,810,Annaly Capital Management,"2,366.30",346.2
2009,811,Applied Biosystems,"2,361.50",213.8
2009,812,Packaging Corp. of America,"2,360.50",135.6
2009,813,Fastenal,"2,340.40",279.7
2009,814,Pioneer Natural Resources,"2,340.10",220.1
2009,815,NTK Holdings,"2,339.10",-700.9
2009,816,Great Plains Energy,"2,337.50",154.5
2009,817,IMS Health,"2,329.50",311.3
2009,818,Autodesk,"2,315.20",183.6
2009,819,Southwestern Energy,"2,311.60",567.9
2009,820,Roper Industries,"2,306.40",286.5
2009,821,Ferro,"2,306.10",-39.7
2009,822,A.O. Smith,"2,304.90",81.9
2009,823,Synovus Financial Corp.,"2,292.80",-582.4
2009,824,Ferrellgas Partners,"2,290.70",24.7
2009,825,DST Systems,"2,285.40",242.9
2009,826,Spansion,"2,281.90",-401.9
2009,827,HCC Insurance Holdings,"2,279.40",304.8
2009,828,Brown Shoe,"2,276.40",-133.2
2009,829,Laclede Group,"2,274.40",77.9
2009,830,Celgene,"2,254.80","-1,533.70"
2009,831,Aventine Renewable Energy Holdings,"2,248.30",-47.1
2009,832,West,"2,247.40",19.5
2009,833,Regal-Beloit,"2,246.20",128.6
2009,834,Frontier Communications,"2,237.00",182.7
2009,835,Broadridge Financial Solutions,"2,234.10",192.2
2009,836,Donaldson,"2,232.50",172
2009,837,Universal Forest Products,"2,232.40",4.3
2009,838,Newfield Exploration,"2,225.00",-373
2009,839,MPS Group,"2,222.30",-236
2009,840,Rowan Cos.,"2,212.70",427.6
2009,841,Patterson-UTI Energy,"2,209.10",347.1
2009,842,Sigma-Aldrich,"2,200.70",341.5
2009,843,Alliance Data Systems,"2,199.00",217.4
2009,844,Dresser-Rand Group,"2,194.70",197.7
2009,845,Zale,"2,194.60",10.8
2009,846,AnnTaylor Stores,"2,194.60",-333.9
2009,847,Dentsply International,"2,193.70",283.9
2009,848,Spherion,"2,189.20",-118.5
2009,849,HealthSpring,"2,188.30",119
2009,850,Universal,"2,186.20",119.2
2009,851,Interactive Brokers Group,"2,182.10",93
2009,852,NBTY,"2,179.50",153.2
2009,853,Affinia Group Intermediate Holdings,"2,178.00",-3
2009,854,ScanSource,"2,175.50",55.6
2009,855,Werner Enterprises,"2,165.60",67.6
2009,856,Hayes Lemmerz,"2,165.20",-99.5
2009,857,Tupperware Brands,"2,161.80",161.4
2009,858,Metals USA Holdings,"2,156.20",72.6
2009,859,Service Corp. International,"2,155.60",97.1
2009,860,Imation,"2,154.60",-33.3
2009,861,Select Medical Holdings,"2,153.40",22.4
2009,862,Briggs & Stratton,"2,151.40",22.6
2009,863,Phoenix,"2,150.90",-726
2009,864,Atlas America,"2,149.90",-6.2
2009,865,Equity Residential,"2,148.90",420.1
2009,866,Helix Energy Solutions Group,"2,148.30",-630.8
2009,867,Southwest Gas,"2,144.70",61
2009,868,DynCorp International,"2,139.80",48
2009,869,Acuity Brands,"2,124.40",148.3
2009,870,Martin Marietta Materials,"2,124.00",176.3
2009,871,T. Rowe Price,"2,121.30",490.8
2009,872,Iasis Healthcare,"2,115.50",36.3
2009,873,BE Aerospace,"2,110.00",-99.4
2009,874,American Axle & Manufacturing,"2,109.20","-1,224.30"
2009,875,Warnaco Group,"2,107.60",47.3
2009,876,Varian Medical Systems,"2,104.90",279.5
2009,877,Cenveo,"2,098.70",-298
2009,878,Guess,"2,093.40",213.6
2009,879,Sauer-Danfoss,"2,090.50",-29.1
2009,880,Applied Industrial Technologies,"2,089.50",95.5
2009,881,Piedmont Natural Gas,"2,089.10",110
2009,882,Pacer International,"2,087.70",-16.6
2009,883,Beazer Homes USA,"2,078.10",-951.9
2009,884,AptarGroup,"2,071.70",153.5
2009,885,Paychex,"2,066.30",576.1
2009,886,ON Semiconductor,"2,054.80",-380.1
2009,887,Maxim Integrated Products,"2,052.80",317.7
2009,888,Univision Communications,"2,049.80","-5,127.30"
2009,889,Amerco,"2,049.20",67.8
2009,890,Carpenter Technology,"2,042.40",277.7
2009,891,Helmerich & Payne,"2,036.50",461.7
2009,892,Alexander & Baldwin,"2,031.00",132
2009,893,Enersys,"2,026.60",59.7
2009,894,PerkinElmer,"2,022.90",126.4
2009,895,Alliance One International,"2,018.50",16.9
2009,896,Gardner Denver,"2,018.30",166
2009,897,Herman Miller,"2,012.10",152.3
2009,898,Belden,"2,005.90",-361
2009,899,MEMC Electronic Materials,"2,004.50",387.4
2009,900,A. Schulman,"1,984.00",18
2009,901,Oceaneering International,"1,977.40",199.4
2009,902,Ryland Group,"1,976.10",-396.6
2009,903,Cephalon,"1,974.60",222.5
2009,904,Mettler-Toledo International,"1,973.30",202.8
2009,905,Men's Wearhouse,"1,972.40",58.8
2009,906,Key Energy Services,"1,972.10",84.1
2009,907,Century Aluminum,"1,970.80",-898.3
2009,908,Cimarex Energy,"1,970.30",-901.7
2009,909,Leap Wireless International,"1,958.90",-147.8
2009,910,Baldor Electric,"1,954.70",99.4
2009,911,Polaris Industries,"1,948.30",117.4
2009,912,PharMerica,"1,947.30",5
2009,913,Total System Services,"1,938.60",250.1
2009,914,LKQ,"1,937.30",99.9
2009,915,Equifax,"1,935.70",272.8
2009,916,Brookdale Senior Living,"1,928.10",-373.2
2009,917,Pep Boys,"1,927.80",-30.4
2009,918,Itron,"1,909.60",28.1
2009,919,Valmont Industries,"1,907.30",132.4
2009,920,M&F Worldwide,"1,906.20",67.7
2009,921,Moog,"1,902.70",119.1
2009,922,Jo-Ann Stores,"1,901.10",21.9
2009,923,McClatchy,"1,900.50",-4
2009,924,Markel,"1,898.30",-58.8
2009,925,Complete Production Services,"1,898.10",-85.5
2009,926,Buckeye GP Holdings,"1,896.70",26.5
2009,927,Teledyne Technologies,"1,893.00",111.3
2009,928,National Semiconductor,"1,885.90",332.3
2009,929,A?ropostale,"1,885.50",149.4
2009,930,Retail Ventures,"1,885.00",-68.9
2009,931,Priceline.com,"1,884.80",193.5
2009,932,Sun Healthcare Group,"1,883.70",109.3
2009,933,Superior Energy Services,"1,881.10",361.7
2009,934,Sentry Insurance Group,"1,879.60",78.1
2009,935,Inergy Holdings,"1,878.90",35.5
2009,936,Toro,"1,878.20",119.7
2009,937,IDT,"1,878.00",-224.3
2009,938,Kinetic Concepts,"1,877.90",173.9
2009,939,Modine Manufacturing,"1,877.80",-65.6
2009,940,HealthSouth,"1,871.20",252.4
2009,941,ManTech International,"1,870.90",90.3
2009,942,Hill-Rom Holdings,"1,862.00",115.8
2009,943,Lender Processing Services,"1,861.90",230.9
2009,944,Hub Group,"1,860.60",59.2
2009,945,Mueller Water Products,"1,859.30",42
2009,946,PSS World Medical,"1,855.80",56.8
2009,947,RBS Global,"1,853.50",40.9
2009,948,Kansas City Southern,"1,852.10",183.9
2009,949,Solo Cup,"1,847.00",-12.1
2009,950,Plexus,"1,841.60",84.1
2009,951,Xilinx,"1,841.40",374
2009,952,Westar Energy,"1,839.00",178.1
2009,953,Urban Outfitters,"1,834.60",199.4
2009,954,Arkansas Best,"1,833.10",29.2
2009,955,Curtiss-Wright,"1,830.10",109.4
2009,956,Covance,"1,827.10",196.8
2009,957,Wendy's/Arby's Group,"1,822.80",-479.7
2009,958,Perrigo,"1,822.10",135.8
2009,959,Radian Group,"1,808.00",-410.6
2009,960,E.W. Scripps,"1,806.20",-476.6
2009,961,Michael Foods,"1,804.40",46.9
2009,962,Cypress Semiconductor,"1,803.00",-430.3
2009,963,Fred's,"1,798.80",16.6
2009,964,Vought Aircraft Industries,"1,796.60",93.7
2009,965,Beacon Roofing Supply,"1,784.50",40.3
2009,966,Pool,"1,783.70",57
2009,967,Boyd Gaming,"1,781.00",-223
2009,968,Psychiatric Solutions,"1,780.80",105
2009,969,MSC Industrial Direct,"1,779.80",196.2
2009,970,American Greetings,"1,776.80",83
2009,971,Duane Reade Holdings,"1,774.00",-72.8
2009,972,Mutual of America Life,"1,772.90",-53.5
2009,973,KAR Holdings,"1,771.40",-216.2
2009,974,Verso Paper,"1,766.80",-62.8
2009,975,RSC Holdings,"1,765.20",122.5
2009,976,Olin,"1,764.50",157.7
2009,977,Bio-Rad Laboratories,"1,764.40",89.5
2009,978,NCI Building Systems,"1,764.20",78.9
2009,979,Teradata,"1,762.00",250
2009,980,Watson Wyatt Worldwide,"1,760.10",155.4
2009,981,Children's Place Retail Stores,"1,759.50",82.4
2009,982,Furniture Brands International,"1,758.50",-385.9
2009,983,Invacare,"1,755.70",38.6
2009,984,Moody's,"1,755.40",457.6
2009,985,PC Connection,"1,753.70",10.4
2009,986,Public Storage,"1,745.60",935.2
2009,987,Portland General Electric,"1,745.00",87
2009,988,Eagle Rock Energy Partners,"1,743.30",87.5
2009,989,Cinemark Holdings,"1,742.30",-48.3
2009,990,Sunrise Senior Living,"1,741.40",-439.2
2009,991,Bob Evans Farms,"1,737.00",64.9
2009,992,OM Group,"1,736.80",135
2009,993,Fleetwood Enterprises,"1,736.60",-1
2009,994,BMC Software,"1,731.60",313.6
2009,995,Dun & Bradstreet,"1,730.40",310.6
2009,996,Tellabs,"1,729.00",-930.1
2009,997,Administaff,"1,724.40",45.8
2009,998,Sanderson Farms,"1,723.60",-43.1
2009,999,MGIC Investment,"1,721.50",-518.9
2009,1000,Career Education,"1,720.80",60.1
